DANH MỤC,TITLE CŨ,TITLE MỚI,ID
Đồ ngủ / đồ mặc nhà,BỘ ĐỒ NGỦ CÁNH SEN LMCATION ZOEY CAMI,BỘ ĐỒ NGỦ NỮ CÁNH SEN LMCATION ZOEY CAMI,5
,ĐẦM NGỦ CỔ ĐỔ LMCATION CAMILA - MÀU XANH,ĐẦM MẶC NHÀ CỔ ĐỔ NỮ LMCATION CAMILA - MÀU XANH,190
,BỘ ĐỒ MẶC NHÀ LMCATION - COMBO ÁO CỔ TRÒN MARY & QUẦN VÁY ARI - LÁ DỪA XANH,ĐỒ BỘ MẶC NHÀ LMCATION - ÁO CỔ TRÒN MARY & QUẦN VÁY ARI - LÁ XANH,186
,QUẦN VÁY LMCATION ARI - LÁ DỪA XANH,QUẦN VÁY NỮ LMCATION ARI - LÁ XANH,185
,ÁO CỔ TRÒN LMCATION MARY - LÁ DỪA XANH,ÁO MẶC NHÀ NỮ CỔ TRÒN LMCATION MARY - LÁ DỪA XANH,184
,ÁO KHOÁC KIMONO LMCATION MARA - SÓNG TRẮNG,ÁO KHOÁC KIMONO NỮ LMCATION MARA - SÓNG TRẮNG,183
,ÁO KHOÁC KIMONO LMCATION MARA - HOA VĂN ĐEN TRẮNG,ÁO KHOÁC KIMONO NỮ LMCATION MARA - HOA VĂN ĐEN TRẮNG,182
,ÁO KHOÁC KIMONO LMCATION MARA - SÓNG ĐEN 2,ÁO KHOÁC KIMONO NỮ LMCATION MARA - SÓNG ĐEN 2,181
,BỘ ĐỒ MẶC NHÀ LMCATION - COMBO ÁO TAY LỬNG & QUẦN ĐÙI PHỐI REN QUEEN - MÀU BẠC HÀ,ĐỒ BỘ MẶC NHÀ LMCATION QUEEN - ÁO TAY LỬNG & QUẦN ĐÙI REN - BẠC HÀ,180
,BỘ ĐỒ MẶC NHÀ LMCATION - COMBO ÁO TAY LỬNG & QUẦN ĐÙI PHỐI REN QUEEN - TRẮNG,ĐỒ BỘ MẶC NHÀ LMCATION QUEEN - ÁO TAY LỬNG & QUẦN ĐÙI REN - TRẮNG,179
,QUẦN ĐÙI MẶC NHÀ LMCATION - HỒNG SEN,QUẦN ĐÙI NỮ MẶC NHÀ LMCATION - HỒNG SEN,178
,QUẦN ĐÙI MẶC NHÀ LMCATION - HỒNG PHẤN,QUẦN ĐÙI NỮ MẶC NHÀ LMCATION - HỒNG PHẤN,158
,BỘ ĐỒ MẶC NHÀ LMCATION - COMBO ÁO CÁNH SEN ZOEY CAMI & QUẦN ĐÙI - HOA LÁ NỀN HỒNG,ĐỒ BỘ NỮ MẶC NHÀ LMCATION - ÁO CÁNH SEN ZOEY & QUẦN ĐÙI - HOA LÁ,177
,ĐẦM CỔ YẾM LMCATION VADA - LÁ DỪA XANH,ĐẦM CỔ YẾM NỮ LMCATION VADA - LÁ DỪA XANH,174
,ĐẦM CỔ YẾM LMCATION VADA - LÁ ĐỦ MÀU,ĐẦM CỔ YẾM NỮ LMCATION VADA - LÁ ĐỦ MÀU,173
,ÁO KHOÁC KIMONO LMCATION MARA - THỔ CẨM,ÁO KHOÁC KIMONO NỮ LMCATION MARA - THỔ CẨM,170
,ÁO KHOÁC KIMONO LMCATION MARA - SÓNG ĐEN,ÁO KHOÁC KIMONO NỮ LMCATION MARA - SÓNG ĐEN,169
,BỘ ĐỒ PIJAMA LMCATION LUCY - MÀU ĐỎ ĐÔ,BỘ ĐỒ PIJAMA NỮ LMCATION LUCY - MÀU ĐỎ ĐÔ,166
,QUẦN ĐÙI MẶC NHÀ LMCATION - ĐEN,QUẦN ĐÙI NỮ MẶC NHÀ LMCATION - ĐEN,165
,ÁO KIMONO MICHELLE LMCATION - REN HOA TRẮNG,ÁO KHOÁC KIMONO NỮ LMCATION MICHELLE - REN HOA TRẮNG,163
,ĐẦM BÈO LMCATION MIA - TRẮNG PHỐI NÓN ĐEN,ĐẦM BÈO NỮ LMCATION MIA - TRẮNG PHỐI NÓN ĐEN,132
,ĐẦM BÈO LMCATION MIA - ĐỎ CHẤM TIM,"ĐẦM BÈO NỮ LMCATION MIA - ĐỎ CHẤM TIM",131
,BỘ ĐỒ MẶC NHÀ CÓ TAY LMCATION DIANA - TRẮNG PHỐI NÓN ĐEN,ĐỒ BỘ MẶC NHÀ CÓ TAY LMCATION DIANA - TRẮNG PHỐI NÓN ĐEN,130
,BỘ ĐỒ MẶC NHÀ TAY LỬNG LMCATION LILY - HOA LÁ,ĐỒ BỘ MẶC NHÀ TAY LỬNG LMCATION LILY - HOA LÁ,129
,BỘ ĐỒ PIJAMA LMCATION LUCY - MÀU TÍM,BỘ ĐỒ PIJAMA NỮ LMCATION LUCY - MÀU TÍM,128
,ĐẦM PIJAMA LMCATION MOLLY - MÀU ĐỎ,ĐẦM PIJAMA NỮ LMCATION MOLLY - MÀU ĐỎ,99
,ĐẦM MAXI LMCATION SUSIE TAY BÈO DÁNG DÀI - HOA HỒNG NHÍ,ĐẦM MAXI NỮ LMCATION SUSIE TAY BÈO DÁNG DÀI - HOA HỒNG NHÍ,127
,ĐẦM MAXI TAY BÈO DÁNG DÀI LMCATION SUSIE - ĐEN CHẤM TIM,ĐẦM MAXI NỮ TAY BÈO DÁNG DÀI LMCATION SUSIE - ĐEN CHẤM TIM,119
,QUẦN LÓT MẶC NGỦ LMCATION - ĐỦ MÀU,QUẦN LÓT NỮ MẶC NGỦ LMCATION - ĐỦ MÀU,114
,BỘ ĐỒ MẶC NHÀ LMCATION - COMBO ÁO CỔ ĐỔ & QUẦN ĐÙI CAMILA - XANH DƯƠNG,ĐỒ BỘ MẶC NHÀ LMCATION - ÁO CỔ ĐỔ & QUẦN ĐÙI CAMILA - XANH DƯƠNG,112
,ĐẦM PIJAMA LMCATION MOLLY - MÀU ĐEN,ĐẦM PIJAMA NỮ LMCATION MOLLY - MÀU ĐEN,98
,ÁO KIMONO LMCATION MICHELLE - REN TRẮNG,ÁO KHOÁC KIMONO NỮ LMCATION MICHELLE - REN TRẮNG,
,ĐẦM NGỦ CỔ ĐỔ LMCATION CAMILA - MÀU ĐỎ,ĐẦM NGỦ NỮ CỔ ĐỔ LMCATION CAMILA - MÀU ĐỎ,55
,ĐẦM NGỦ CÚP PHỐI REN LMCATION CHLOE - HOA LÁ,ĐẦM NGỦ NỮ CÚP PHỐI REN LMCATION CHLOE - HOA LÁ,
,ÁO KIMONO LMCATION LILY DÁNG NGẮN - REN ĐEN,ÁO KHOÁC KIMONO NỮ LMCATION LILY DÁNG NGẮN - REN ĐEN,
,BỘ ĐỒ NGỦ CÁNH SEN LMCATION ZOEY CAMI - MÀU ĐEN,BỘ ĐỒ NGỦ NỮ CÁNH SEN LMCATION ZOEY CAMI - MÀU ĐEN,60
Đồ tập / đồ thể thao,ÁO NGỰC THỂ THAO LMCATION TINA - MÀU JEAN,ÁO NGỰC THỂ THAO NỮ LMCATION TINA - MÀU JEAN,120
,ÁO THUN THỂ THAO LMCATION JOSIE - MÀU ĐEN,ÁO THUN THỂ THAO NỮ LMCATION JOSIE - MÀU ĐEN,164
,COMBO THỂ THAO LMCATION - ÁO THUN JOSIE & QUẦN DÀI PHỐI LƯỚI VENUS - MÀU ĐEN,BỘ ĐỒ THỂ THAO NỮ LMCATION - ÁO THUN JOSIE & QUẦN DÀI PHỐI LƯỚI VENUS - ĐEN,162
,COMBO THỂ THAO LMCATION - ÁO NGỰC TINA MÀU JEAN & QUẦN DÀI PHỐI LƯỚI VENUS MÀU ĐEN,BỘ ĐỒ THỂ THAO NỮ LMCATION - ÁO NGỰC TINA JEAN & QUẦN DÀI PHỐI LƯỚI VENUS ĐEN,160
,COMBO THỂ THAO LMCATION - ÁO NGỰC TINA MÀU DA & QUẦN DÀI PHỐI LƯỚI VENUS MÀU ĐEN,BỘ ĐỒ THỂ THAO NỮ LMCATION - ÁO NGỰC TINA DA & QUẦN DÀI PHỐI LƯỚI VENUS ĐEN,157
,COMBO THỂ THAO LMCATION - ÁO BIKINI ABBY THỔ CẨM & QUẦN DÀI PHỐI LƯỚI VENUS MÀU TÍM,BỘ ĐỒ THỂ THAO NỮ LMCATION - ÁO BIKINI ABBY THỔ CẨM & QUẦN DÀI PHỐI LƯỚI VENUS TÍM,156
,QUẦN DÀI THỂ THAO PHỐI LƯỚI LMCATION VENUS - MÀU TÍM,QUẦN DÀI THỂ THAO NỮ PHỐI LƯỚI LMCATION VENUS - MÀU TÍM,148
,ÁO BIKINI THỂ THAO LMCATION ABBY - THỔ CẨM,ÁO BIKINI THỂ THAO NỮ LMCATION ABBY - THỔ CẨM,146
,ÁO NGỰC THỂ THAO LMCATION TINA BIKINI - MÀU XANH ĐEN,ÁO NGỰC THỂ THAO NỮ LMCATION TINA BIKINI - MÀU XANH ĐEN,140
,ÁO NGỰC THỂ THAO LMCATION TINA BIKINI - MÀU DA,ÁO NGỰC THỂ THAO NỮ LMCATION TINA BIKINI - MÀU DA,136
,ÁO NGỰC THỂ THAO LMCATION TINA BIKINI - MÀU ĐEN,ÁO NGỰC THỂ THAO NỮ LMCATION TINA BIKINI - MÀU ĐEN,134
,QUẦN DÀI THỂ THAO PHỐI LƯỚI LMCATION VENUS - MÀU ĐEN,QUẦN DÀI THỂ THAO NỮ PHỐI LƯỚI LMCATION VENUS - MÀU ĐEN,133
,QUẦN LỬNG THỂ THAO LMCATION RITA - MÀU ĐEN,QUẦN LỬNG THỂ THAO NỮ LMCATION RITA - MÀU ĐEN,81
,QUẦN LỬNG THỂ THAO LMCATION RITA - MÀU XANH ĐEN,QUẦN LỬNG THỂ THAO NỮ LMCATION RITA - XANH ĐEN,72
,QUẦN LỬNG THỂ THAO LMCATION RITA - MÀU JEAN,QUẦN LỬNG THỂ THAO NỮ LMCATION RITA - MÀU JEAN,71
,COMBO THỂ THAO LMCATION - ÁO THUN JOSIE MÀU TRẮNG & QUẦN DÀI PHỐI LƯỚI VENUS MÀU ĐEN,BỘ ĐỒ THỂ THAO NỮ LMCATION - ÁO THUN JOSIE TRẮNG & QUẦN DÀI PHỐI LƯỚI VENUS ĐEN,161
,ÁO THUN THỂ THAO LMCATION JOSIE - MÀU TRẮNG,ÁO THUN THỂ THAO NỮ LMCATION JOSIE - MÀU TRẮNG,118
,COMBO ĐỒ THỂ THAO LMCATION - ÁO OLIVIA MÀU ĐEN & QUẦN ĐÙI SERENA HOA NHÍ ĐEN TRẮNG,BỘ ĐỒ ĐỒ THỂ THAO NỮ LMCATION - ÁO OLIVIA  ĐEN & QUẦN ĐÙI SERENA HOA ĐEN TRẮNG,191
,ÁO NGỰC THỂ THAO 3 DÂY CHÉO LMCATION JASMINE - MÀU JEAN NHẠT,ÁO NGỰC THỂ THAO NỮ 3 DÂY CHÉO LMCATION JASMINE - JEAN NHẠT,187
,COMBO BIKINI LMCATION - ÁO NGỰC THỂ THAO JASMINE & QUẦN BƠI 2 DÂY OLIVIA - MÀU JEAN NHẠT,BỘ ĐỒ BIKINI NỮ LMCATION - ÁO NGỰC THỂ THAO JASMINE & QUẦN BƠI 2 DÂY OLIVIA - JEAN NHẠT,176
,COMBO BIKINI LMCATION - ÁO BIKINI LOLA & QUẦN BƠI LƯNG CAO PHỐI BÈO ESTELLA - MÀU HỒNG,BỘ ĐỒ BIKINI NỮ LMCATION - ÁO BIKINI LOLA & QUẦN BƠI LƯNG CAO PHỐI BÈO ESTELLA - HỒNG,175
,KHĂN QUẤN ĐI BIỂN LMCATION MAYA - MÀU ĐỎ,KHĂN QUẤN ĐI BIỂN LMCATION MAYA - MÀU ĐỎ,172
,KHĂN QUẤN ĐI BIỂN LMCATION MAYA - HOA NHIỆT ĐỚI,KHĂN QUẤN ĐI BIỂN LMCATION MAYA - HOA NHIỆT ĐỚI,171
,KHĂN QUẤN ĐI BIỂN LMCATION MAYA - LÁ CỌ,KHĂN QUẤN ĐI BIỂN LMCATION MAYA - LÁ CỌ,168
,COMBO BIKINI LMCATION - ÁO BIKINI THỂ THAO KRISTA & QUẦN BƠI LƯNG CAO PHỐI BÈO ESTELLA - XANH ĐEN,BỘ ĐỒ BIKINI NỮ LMCATION - ÁO NGỰC KRISTA & QUẦN BƠI LƯNG CAO PHỐI BÈO ESTELLA - XANH ĐEN,167
,COMBO BIKINI LMCATION - ÁO BIKINI ANA HOA NHIỆT ĐỚI & QUẦN BƠI LƯNG CAO PHỐI BÈO ESTELLA XANH LÁ CÂY,BỘ ĐỒ BIKINI NỮ LMCATION - ÁO NGỰC ANA HOA & QUẦN BƠI LƯNG CAO PHỐI BÈO ESTELLA XANH LÁ,155
,COMBO BIKINI LMCATION - ÁO NGỰC TINA & QUẦN BƠI LƯNG CAO PHỐI BÈO ESTELLA - MÀU XANH ĐEN,BỘ ĐỒ BIKINI NỮ LMCATION - ÁO NGỰC TINA & QUẦN BƠI LƯNG CAO PHỐI BÈO ESTELLA - XANH ĐEN,153
,COMBO BIKINI LMCATION - ÁO BIKINI LOLA & QUẦN BƠI LƯNG CAO PHỐI BÈO ESTELLA - XANH LÁ CÂY,BỘ ĐỒ BIKINI NỮ LMCATION - ÁO BIKINI LOLA & QUẦN BƠI LƯNG CAO PHỐI BÈO ESTELLA - XANH LÁ,152
,COMBO BIKINI LMCATION - ÁO BIKINI LOLA XANH CÁNH QUẠT & QUẦN BƠI LƯNG CAO PHỐI BÈO ESTELLA XANH ĐEN,BỘ ĐỒ BIKINI NỮ LMCATION - ÁO BIKINI LOLA CÁNH QUẠT & QUẦN BƠI LƯNG CAO PHỐI BÈO ESTELLA XANH ĐEN,151
,ÁO BIKINI THỂ THAO LMCATION LOLA - XANH CÁNH QUẠT,ÁO BIKINI THỂ THAO NỮ LMCATION LOLA - XANH CÁNH QUẠT,147
,ÁO BIKINI THỂ THAO LMCATION ABBY - THỔ CẨM,ÁO BIKINI THỂ THAO NỮ LMCATION ABBY - THỔ CẨM,146
,ÁO BIKINI THỂ THAO LMCATION LOLA - MÀU HỒNG,ÁO BIKINI THỂ THAO NỮ LMCATION LOLA - MÀU HỒNG,144
,QUẦN BƠI LƯNG CAO PHỐI BÈO LMCATION ESTELLA - MÀU XANH LÁ CÂY,QUẦN BƠI NỮ LƯNG CAO PHỐI BÈO LMCATION ESTELLA - XANH LÁ,143
,ÁO NGỰC THỂ THAO LMCATION TINA BIKINI - MÀU XANH ĐEN,ÁO NGỰC THỂ THAO NỮ LMCATION TINA BIKINI - MÀU XANH ĐEN,140
,QUẦN BƠI LƯNG CAO PHỐI BÈO LMCATION ESTELLA - MÀU XANH ĐEN,QUẦN BƠI NỮ LƯNG CAO PHỐI BÈO LMCATION ESTELLA - MÀU XANH ĐEN,139
,ÁO BIKINI THỂ THAO LMCATION LOLA - XANH LÁ CÂY,ÁO BIKINI THỂ THAO NỮ LMCATION LOLA - XANH LÁ ,137
,ÁO NGỰC THỂ THAO LMCATION TINA BIKINI - MÀU DA,ÁO NGỰC THỂ THAO NỮ LMCATION TINA BIKINI - MÀU DA,136
,ÁO NGỰC THỂ THAO LMCATION TINA BIKINI - MÀU ĐEN,ÁO NGỰC THỂ THAO NỮ LMCATION TINA BIKINI - MÀU ĐEN,134
,COMBO BIKINI LMCATION - ÁO NGỰC & QUẦN BƠI LƯNG CAO ANITA - HOA NHÍ ĐEN TRẮNG,BỘ ĐỒ BIKINI NỮ LMCATION - ÁO NGỰC & QUẦN BƠI LƯNG CAO ANITA - HOA NHÍ ĐEN TRẮNG,126
,QUẦN BƠI NỮ LƯNG CAO LMCATION ANITA - HOA NHÍ ĐEN TRẮNG,QUẦN BƠI NỮ LƯNG CAO LMCATION ANITA - HOA NHÍ ĐEN TRẮNG,125
,ÁO NGỰC THỂ THAO LMCATION JANE BIKINI - MÀU ĐEN,ÁO NGỰC THỂ THAO NỮ LMCATION JANE BIKINI - MÀU ĐEN,123
,QUẦN BƠI LƯNG CAO LMCATION KRISTA - JEAN NHẠT,QUẦN BƠI NỮ LƯNG CAO LMCATION KRISTA - JEAN NHẠT,109
,QUẦN BƠI 2 DÂY LMCATION OLIVIA - MÀU JEAN NHẠT,QUẦN BƠI NỮ 2 DÂY LMCATION OLIVIA - MÀU JEAN NHẠT,108
,QUẦN ĐÙI THỂ THAO NỮ LMCATION SERENA - HOA NHÍ ĐEN TRẮNG,QUẦN ĐÙI THỂ THAO NỮ LMCATION SERENA - HOA NHÍ ĐEN TRẮNG,103
,ÁO BIKINI THỂ THAO NỮ LMCATION ANA - HOA NHÍ ĐEN TRẮNG,ÁO BIKINI THỂ THAO NỮ LMCATION ANA - HOA NHÍ ĐEN TRẮNG,97
,COMBO BIKINI LMCATION- ÁO & QUẦN BƠI LƯNG CAO KRISTA - XANH ĐEN,BỘ ĐỒ BIKINI NỮ LMCATION- ÁO & QUẦN BƠI LƯNG CAO KRISTA - XANH ĐEN,95
,ÁO BIKINI THỂ THAO LMCATION KRISTA - XANH ĐEN,ÁO BIKINI THỂ THAO NỮ LMCATION KRISTA - XANH ĐEN,94
,QUẦN BƠI NỮ LƯNG CAO LMCATION ANITA - HOA NHIỆT ĐỚI,QUẦN BƠI NỮ LƯNG CAO LMCATION ANITA - HOA NHIỆT ĐỚI,88
,ÁO KIMONO LMCATION MICHELLE - REN TRẮNG,ÁO KHOÁC KIMONO NỮ LMCATION MICHELLE - REN TRẮNG,69
,COMBO THỂ THAO LMCATION - ÁO ĐA NĂNG OLIVIA & QUẦN ĐÙI THỂ THAO SERENA MÀU ĐEN,BỘ ĐỒ THỂ THAO NỮ LMCATION - ÁO ĐA NĂNG OLIVIA & QUẦN ĐÙI SERENA ĐEN,67
,QUẦN ĐÙI THỂ THAO NỮ LMCATION SERENA - MÀU ĐEN,QUẦN ĐÙI THỂ THAO NỮ LMCATION SERENA - MÀU ĐEN,66
,ÁO NGỰC THỂ THAO LMCATION OLIVIA BIKINI - MÀU ĐEN,ÁO NGỰC THỂ THAO NỮ LMCATION OLIVIA BIKINI - MÀU ĐEN,65
,QUẦN BƠI THƯỜNG LMCATION JANE BIKINI - MÀU JEAN NHẠT,QUẦN BƠI NỮ LMCATION JANE BIKINI - MÀU JEAN NHẠT,62
,QUẦN BƠI 2 DÂY LMCATION OLIVIA - MÀU JEAN,QUẦN BƠI NỮ 2 DÂY LMCATION OLIVIA - MÀU JEAN,34
,QUẦN BƠI 2 DÂY LMCATION OLIVIA - MÀU ĐEN,QUẦN BƠI NỮ 2 DÂY LMCATION OLIVIA - MÀU ĐEN,33
,QUẦN BƠI THƯỜNG LMCATION JANE - MÀU ĐEN,QUẦN BƠI NỮ LMCATION JANE - MÀU ĐEN,28
,BỘ ĐỒ BƠI 1 MẢNH LMCATION SERENA - MÀU ĐEN,BỘ ĐỒ BƠI NỮ 1 MẢNH LMCATION SERENA - MÀU ĐEN,44
,COMBO BIKINI LMCATION - ÁO BIKINI ABBY & QUẦN BƠI ĐÙI ADA - SỌC ĐỎ TRẮNG,BỘ ĐỒ BIKINI NỮ LMCATION - ÁO BIKINI ABBY & QUẦN BƠI ĐÙI ADA - SỌC ĐỎ TRẮNG,150
,COMBO BIKINI LMCATION - ÁO NGỰC TINA ĐEN & QUẦN BƠI ĐÙI ADA SỌC XANH ĐỎ,BỘ ĐỒ BIKINI NỮ LMCATION - ÁO NGỰC TINA ĐEN & QUẦN BƠI ĐÙI ADA SỌC XANH ĐỎ,149
,ÁO KIMONO LMCATION LILY DÁNG NGẮN - REN ĐEN,ÁO KHOÁC KIMONO NỮ LMCATION LILY DÁNG NGẮN - REN ĐEN,106
,BỘ ĐỒ BƠI NỮ KIỂU NHÚN CAO CẤP LMCATION SASHA - MÀU JEAN,BỘ ĐỒ BƠI NỮ KIỂU NHÚN CAO CẤP LMCATION SASHA - MÀU JEAN,86